{
    "latency_metrics": {
        "translate": {
            "p50": 102.5,
            "p95": 303.0,
            "p99": 405.7590961456299,
            "min": 0.2942085266113281,
            "max": 418.0,
            "mean": 102.50825127192905,
            "count": 140
        },
        "segment_total": {
            "p50": 664.0,
            "p95": 977.0,
            "p99": 12470.0,
            "min": 500.0,
            "max": 12470.0,
            "mean": 855.7285714285714,
            "count": 70
        },
        "tts": {
            "p50": 103.0,
            "p95": 156.0,
            "p99": 304.0,
            "min": 58.0,
            "max": 304.0,
            "mean": 106.87142857142857,
            "count": 70
        },
        "asr": {
            "p50": 452.0,
            "p95": 611.0,
            "p99": 11769.0,
            "min": 388.0,
            "max": 11769.0,
            "mean": 630.5285714285715,
            "count": 70
        }
    },
    "cache_stats": {
        "translate": {
            "hits": 30,
            "misses": 110,
            "total": 140,
            "hit_rate": 0.21428571428571427,
            "miss_rate": 0.7857142857142857,
            "cache_hit_latency": {
                "p50": 1.4720687866210938,
                "p95": 4.0,
                "p99": 5.0,
                "min": 0.2942085266113281,
                "max": 5.0,
                "mean": 1.933896573384603,
                "count": 30
            },
            "cache_miss_latency": {
                "p50": 111.00208759307861,
                "p95": 309.95798110961914,
                "p99": 405.7590961456299,
                "min": 39.803266525268555,
                "max": 418.0,
                "mean": 129.93762073516845,
                "count": 110
            }
        }
    },
    "cache_improvement": {
        "hit_rate": 0.21428571428571427,
        "cache_hit_p50_ms": 1.47,
        "cache_miss_p50_ms": 111.0,
        "avg_latency_with_cache_ms": 87.53,
        "avg_latency_without_cache_ms": 111.0,
        "improvement_factor": 1.27,
        "improvement_percent": 21.1,
        "cache_hit_latency": {
            "p50": 1.4720687866210938,
            "p95": 4.0,
            "p99": 5.0,
            "min": 0.2942085266113281,
            "max": 5.0,
            "mean": 1.933896573384603,
            "count": 30
        },
        "cache_miss_latency": {
            "p50": 111.00208759307861,
            "p95": 309.95798110961914,
            "p99": 405.7590961456299,
            "min": 39.803266525268555,
            "max": 418.0,
            "mean": 129.93762073516845,
            "count": 110
        }
    },
    "job_timing_metrics": {
        "time_to_first_segment": {
            "p50": 782.0,
            "p95": 12739.0,
            "p99": 12739.0,
            "min": 633.0,
            "max": 12739.0,
            "mean": 3187.8,
            "count": 5
        },
        "end_to_end": {
            "p50": 10766.0,
            "p95": 18521.0,
            "p99": 18521.0,
            "min": 10165.0,
            "max": 18521.0,
            "mean": 12417.4,
            "count": 5
        }
    },
    "incremental_improvement": {
        "time_to_first_segment_p95_ms": 12739.0,
        "end_to_end_p95_ms": 18521.0,
        "improvement_percent": 31.2,
        "improvement_factor": 1.45,
        "time_saved_ms": 5782.0
    },
    "timestamp": "2026-01-16T11:38:22.875216"
}
